{
    "status": 666,
    "total": 3,
    "size": 3,
    "contents":
    [
      {
        "intro": "信息工程学院共开设电子信息工程技术、软件技术等11个专业，其中电子信息工程技术专业为全国百所职业院校鉴定“直通车”试点专业、江西省特色专业。学院现有专兼职教师126名，其中正、副教授32名，高级工程师8名，外聘能工巧匠9名，省级教学名师2名，省级中青年骨干教师4名，并拥有电子信息、计算机应用技术2个省级专业教学团队。\n\n近年来，依托电子信息产业国家高技能人才培养基地、浙江海亮人才培养基地等校内外人才培养基地，加强对学生“交流、动手、创新与社会适应能力”的培养，重视对“智能工厂”、“智能生产”知识与能力的培养，适应了智能制造的发展，提升了学生就业竞争力。\n\n信息工程学院现有在校生3700多人。近年来，毕业生受到社会普遍欢迎，就业率连续多年达99%以上，为地方经济建设与社会和谐发展做出了积极的贡献。毕业生中涌现了一大批优秀人才，部分学生赴海外就业，部分学生通过专升本、升硕继续深造，还有部分学生毕业不久就因工作表现出色走上了单位管理岗位。",
        "vr": "361.univr.net/jxxd/2.html",
        "tags": "学院楼",
        "uid": 2595836484,
        "province": "江西省",
        "geotable_id": 197277,
        "district": "南昌县",
        "create_time": 1545860660,
        "city": "南昌市",
        "location": [
          116.005302,
          28.678963
        ],
        "address": "南昌市南昌县昌东大学园区紫阳大道338号",
        "title": "信工学院",
        "coord_type": 3,
        "type": 0,
        "distance": 0,
        "weight": 0,
        "p": [
          116.004916, 28.67907,
          116.005675, 28.679007,
          116.005693, 28.678836,
          116.004889, 28.678892
        ]
      },
      {
        "intro": "商务学院成立于2003年6月，开设有工商企业管理、物流管理、国际经济与贸易、电子商务、市场营销、会计等专业，其中电子商务、物流管理专业为省级特色专业。\n       学院现有专兼职教师120余人，其中高级职称30余人，具有硕士学位以上教师60余人，双师型教师50余人，省级专业带头人2名，校级教学名师、骨干教师等14人，是一支结构合理、素质优良、精干高效的师资队伍。\n       学院建有中央财政支持物流管理综合实训基地、省级VBSE跨专业商业仿真综合实训室等11个设备精良的实训场地，总占地面积2000余平方米。\n学院秉承“德以立身、技以立业”的教育理念，以培养具有职业实践能力和管理视野的综合型高素质人才为目标，与用友新道、淘宝大学江西商学院等开展校企合作，全面提升学科建设、教学质量。学院师生多次荣获各类技能大赛国家级、省级荣誉。\n      2016年度，商务学院学子荣获国家级技能竞赛团体二等奖一项，团体三等奖4项；省级技能竞赛一等奖53项，二等奖86项，三等奖71项。校级技能竞赛获一二三等奖共计530项。",
        "tags": "学院楼",
        "uid": 2595836486,
        "province": "江西省",
        "geotable_id": 197277,
        "district": "南昌县",
        "create_time": 1545860661,
        "city": "南昌市",
        "location": [
          116.006348,
          28.678883
        ],
        "address": "南昌市南昌县昌东大学园区紫阳大道338号",
        "title": "商务学院",
        "coord_type": 3,
        "type": 0,
        "distance": 0,
        "weight": 0,
        "p": [
          116.005994, 28.678991,
          116.006784, 28.678935,
          116.00678, 28.678749,
          116.005998, 28.678809
        ]
      },
      {
        "intro": "机械学院成立于2004年。现有专兼职教师77人，其中正、副教师19人，具有硕士学位以上教师35人，双师型教师29人。拥有江西省高校教学名师2名、 江西省高校学科带头人1名、江西省百千万人才1名、江西省高校中青年骨干教师5名、江西省省级教学团队1个、江西省“五一”奖章3人。建有国家示范数控实训基地和国家高技能人才培训基地，现有教学仪器设备4169万元，校内实训教学设备数量充足、设备先进，拥有23个实训室，常年承办省级各类数控、模具、汽车等职业技能竞赛。每年代表江西省参加装备制造类、汽车制造类全国大学生技能竞赛并获得多项国家级奖项，其中2017年获得国家级一等奖2项，三等奖1项。",
        "vr": "361.univr.net/jxxd/15.html",
        "tags": "学院楼",
        "uid": 2595836491,
        "province": "江西省",
        "geotable_id": 197277,
        "district": "南昌县",
        "create_time": 1545860662,
        "city": "南昌市",
        "location": [
          116.007054,
          28.678368
        ],
        "address": "南昌市南昌县昌东大学园区紫阳大道338号",
        "title": "机械学院",
        "coord_type": 3,
        "type": 0,
        "distance": 0,
        "weight": 0,
        "p": [
          116.006667, 28.678472,
          116.007471, 28.678412,
          116.007449, 28.678238,
          116.006658, 28.678294
        ]
      }
    ]
  }
  